<?xml version="1.0" encoding="UTF-8" ?>
<XMLDB PATH="blocks/plaforedu/db" VERSION="20220407" COMMENT="XMLDB file for Block Plafor Edu"
       xmlns:xsi="http://www.w3.org/2001/XMLSchema-instance"
       xsi:noNamespaceSchemaLocation="../../../lib/xmldb/xmldb.xsd"
>
    <TABLES>
        <TABLE NAME="plaforedu_required_cert" COMMENT="Table stores course required certificates">
            <FIELDS>
                <FIELD NAME="id" TYPE="int" LENGTH="10" NOTNULL="true" UNSIGNED="true" SEQUENCE="true" />
                <FIELD NAME="idc" SEQUENCE="false" TYPE="int" NOTNULL="true" UNSIGNED="true" LENGTH="10"/>
                <FIELD NAME="cm" SEQUENCE="false" TYPE="int" NOTNULL="true" UNSIGNED="true" LENGTH="10"/>
            </FIELDS>
            <KEYS>
                <KEY NAME="id" TYPE="primary" FIELDS="id"/>
            </KEYS>

        </TABLE>
    </TABLES>

</XMLDB>